
{
  "defaultEnv": { "ENV": "NODE_ENV" },
  "dev": {
    "driver": "pg",
    "port": { "ENV": "POSTGRES_PORT" },
    "host": { "ENV": "POSTGRES_HOST" },
    "database": { "ENV": "POSTGRES_DB_DEV" },
    "user": { "ENV": "POSTGRES_USER" },
    "password": { "ENV": "POSTGRES_PASS" }
  },
  
  "test": {
    "driver": "pg",
    "port": { "ENV": "POSTGRES_PORT" },
    "host": { "ENV": "POSTGRES_HOST" },
    "database": { "ENV": "POSTGRES_DB_TEST" },
    "user": { "ENV": "POSTGRES_USER" },
    "password": { "ENV": "POSTGRES_PASS" }
  }
}